,ra,dec,groupid,dv,sep_max,dis,Wen_BCG_RA,Wen_BCG_DEC,Wen_redshift,Wen_M500,ID in Wen_cat,Zou_BCG_RA,Zou_BCG_DEC,Zou_redshift,Zou_M500,ID in Zou_cat,eROSITA_cluster_RA,eROSITA_cluster_DEC,eROSITA_cluster_redshift,eROSITA_cluster_M500,ID in eROSITA_cat,in_J25,source_id,l,b,parallax,parallax_error,pmra,pmra_error,pmdec,pmdec_error,pmra_pmdec_corr,phot_bp_mean_mag,phot_g_mean_mag,phot_rp_mean_mag,bp_rp,phot_bp_rp_excess_factor,ps_id,ra_ps,dec_ps,gmag,e_gmag,rmag,e_rmag,imag,e_imag,zmag,e_zmag,ymag,e_ymag,catwise_id,ra_cat,dec_cat,pmra_cat,pmdec_cat,e_pmra_cat,e_pmdec_cat,snrw1pm,snrw2pm,w1mpropm,e_w1mpropm,w2mpropm,e_w2mpropm,chi2pmra_cat,chi2pmdec_cat,phot_bp_rp_excess_factor_c,fpm0,log_fpm0,p_gal_mean,p_qso_mean,p_star_mean,z_gaia,z_ph_xgb,z_ph_tab,z_ph_ftt,z_ph,z_xp_nn,ps1_good
0,219.28985098,38.21215336,10233,117.24061488,10.08513,69.9747243325537,219.30807,38.20095,0.8266,0.5,1350679.0,,,,,,,,,,,not in,1486735438119385728,66.22762463,65.26523315,-0.0,0.2,-0.0,0.2,-0.0,0.2,0.3,19.6099,19.1889,18.2573,1.3527,1.4849,153852192898315207,219.28986,38.212154,19.688,0.009000000000000001,19.07,0.01,18.565,0.01,18.54,0.013,18.333,0.013,b'2197p378_b0-000787',219.2898066,38.2121565,-0.0007599999999999999,0.007240000000000002,0.0044,0.0048,88.2,117.8,13.653,0.012,12.630999999999998,0.009000000000000001,4.25,8.24,0.2319,4.749,0.677,0.009000000000000001,0.991,0.0,0.5796,0.5412,0.5629,0.5884,0.5642,,True
1,219.29336263,38.212638,10233,117.24061488,10.08513,69.9747243325537,219.30807,38.20095,0.8266,0.5,1350679.0,,,,,,,,,,,not in,1486723682793116032,66.22659852,65.26246483,-0.2,0.6,-0.6,0.8,-0.7,0.9,0.3,20.5722,20.4512,19.9061,0.6662,1.3442,153852192933435769,219.29337,38.21264,20.716,0.066,20.901,0.053,20.211,0.038,20.278,0.058,19.77,0.141,b'2197p378_b0-007366',219.2933116,38.21259129999999,0.00815,0.01263,0.0228,0.025,38.5,31.8,16.25,0.028,15.441,0.034,0.56,0.55,0.1544,0.141,-0.85,0.0,1.0,0.0,0.1971,0.7635,0.5961,0.5964,0.652,,True
2,173.44932286,37.50391521,10491,117.24061488,11.69457,99.07414811588845,,,,,,,,,,,,,,,,not in,766021509029739136,175.65649793,70.65126977,-0.3,0.4,0.7,0.4,-0.2,0.5,-0.0,20.017,19.7249,19.1692,0.8479,1.2565,153001734493925316,173.44931,37.503914,19.736,0.029,19.667,0.01,19.57,0.024,19.478,0.022,19.477,0.037000000000000005,b'1743p378_b0-005003',173.4493436,37.5039665,0.0023,0.01804,0.019,0.022,45.6,42.6,16.061,0.024,14.968,0.025,0.48,0.03,0.0529,0.152,-0.818,0.0,1.0,0.0,1.38,1.5094,1.6376,1.5852,1.5774,,True
3,173.44936377,37.50716354,10491,117.24061488,11.69457,99.07414811588845,,,,,,,,,,,,,,,,not in,766021504734979072,175.64770209,70.64983470000001,1.1,1.2,-1.6,1.0,-1.9,1.5,-0.1,20.7072,20.629,20.5891,0.1181,1.1115,153001734494399225,173.44936,37.507164,20.677,0.032,20.473,0.023,20.436,0.022,20.58,0.045,20.528,0.257,b'1743p378_b0-013666',173.4495444,37.5070254,-0.00671,0.029560000000000006,0.043,0.051,23.5,17.4,16.904,0.046,16.024,0.062,2.62,1.84,-0.0473,0.011,-1.949,0.0,1.0,0.0,0.3852,1.3236,1.2089,1.1017,1.2114,,True
4,262.34818732,31.93854892,13038,1453.52016544,10.691939999999999,90.4379543228456,,,,,,,,,,,,,,,,not in,4600140665299429760,55.80025743,30.38819818,0.4,0.2,-0.0,0.2,0.0,0.2,0.3,20.195,19.4205,18.4808,1.7143,1.3556,146322623481776850,262.34818,31.938549,20.406,0.059,19.59,0.052000000000000005,19.095,0.013,18.847,0.021,18.437,0.043,b'2629p318_b0-004774',262.34821459999995,31.938555,-0.00618,0.01753,0.0077,0.0084,66.3,83.6,14.893,0.016,13.88,0.013,2.69,4.32,0.0588,3.0210000000000004,0.48,0.001,0.999,0.0,1.055,1.6861,2.2438,2.4669,2.1323,,True
5,262.34895717,31.94144616,13038,1453.52016544,10.691939999999999,90.4379543228456,,,,,,,,,,,,,,,,not in,4600140703956546560,55.80369787,30.38831242,0.7,0.3,-0.2,0.4,-0.3,0.3,0.3,20.2063,19.96,19.415,0.7913,1.2734,146332623489700322,262.34897,31.941446000000006,20.262,0.014,20.223,0.017,19.917,0.016,19.917,0.024,19.773,0.058,b'2629p318_b0-015343',262.348925,31.941347600000004,-0.01493,-0.00852,0.0182,0.0209,44.9,41.9,16.235,0.024,15.216,0.026,0.12,0.46,0.0744,0.856,-0.068,0.0,1.0,0.0,1.7186,1.7634,1.7207,1.7387,1.7409,,True
6,220.01313788,39.14448817,148475450,124.59196836,11.23452,93.85559732114288,,,,,,,,,,,,,,,,in,1487165622044212352,67.85893426,64.4241835,0.2,0.2,0.2,0.2,0.1,0.2,0.3,19.369,19.1732,18.8477,0.5213,1.1736,154972200131824056,220.01314,39.14449000000001,19.729,0.014,19.443,0.008,19.362,0.014,19.412,0.024,19.464,0.054000000000000006,b'2206p393_b0-002283',220.0131277,39.1444829,-0.01161,0.0181,0.0084,0.0103,61.2,85.1,15.322,0.018000000000000002,13.939,0.013,1.24,4.11,-0.0069,2.257,0.353,0.0,1.0,0.0,1.2523,1.2604,1.2607,1.2588,1.26,,True
7,220.01399266,39.1414387,148475450,124.59196836,11.23452,93.85559732114288,,,,,,,,,,,,,,,,in,1487165617747955712,67.85176787,64.42459278,0.4,0.2,-0.1,0.2,-0.2,0.2,0.3,19.4913,19.3462,19.0222,0.4692,1.2018,154972200140330405,220.01399,39.14144,19.379,0.003,19.269,0.043,19.21,0.02,19.525,0.05,19.51,0.097,b'2206p393_b0-003317',220.0139653,39.1414582,-0.015780000000000002,0.01086,0.0115,0.0135,57.3,69.3,15.643,0.019,14.403,0.016,1.18,0.49,0.0244,2.677,0.428,0.0,1.0,0.0,1.2716,1.2584,1.2783,1.2666,1.2678,,True
8,269.12298092,26.13122431,15535,229.96072524,12.68261,92.9090381702515,,,,,,,,,,,,,,,,in,4582817275490303360,51.60681119,22.98942515,0.5,0.4,-0.1,0.4,-0.0,0.4,0.1,20.4314,20.1424,19.6291,0.8023,1.2311,139352691230008059,269.123,26.131227,20.511,0.011,19.896,0.013,19.845,0.022,19.764,0.022,20.34,0.312,b'2683p257_b0-037880',269.1230447,26.1312861,0.02106,-0.038360000000000005,0.0377,0.0414,28.7,14.5,16.733,0.038,16.404,0.075,0.18,5.16,0.0312,0.995,-0.002,0.001,0.999,0.001,3.5157,3.653,3.4085,3.5022,3.5212,,True
9,269.12438942,26.12793614,15535,229.96072524,12.68261,92.9090381702515,,,,,,,,,,,,,,,,in,4582817245427869056,51.60392882,22.98710777,-0.1,0.1,0.0,0.1,0.1,0.1,0.1,18.2027,17.7315,17.1548,1.0479,1.1859,139352691243994122,269.1244,26.127935,18.219,0.006,17.452,0.01,17.427,0.006,17.271,0.011,17.369,0.027000000000000003,b'2683p257_b0-003706',269.1244023,26.1279357,-0.00363,-0.0087,0.006,0.0062,82.8,97.8,13.909,0.013,13.485,0.011,11.09,1.6,-0.0354,22.771,1.357,0.0,1.0,0.0,3.5043,3.548,3.4018,3.5353,3.495,,True
10,153.97696135,36.4337626,163509951,155.32281354,10.05487,84.30608163966005,153.96255,36.42219,0.4359,0.7,1203510.0,,,,,,,,,,,not in,754071462608159872,187.23872754,55.91343352,-0.9,2.1,0.2,1.8,-0.7,2.1,-0.3,20.6254,20.8263,19.9711,0.6543,1.798,151721539769811209,153.97696000000005,36.43376,20.966,0.052000000000000005,21.005,0.034,20.804,0.018000000000000002,20.606,0.03,,,b'1548p363_b0-024663',153.97688159999996,36.4338732,0.14018,-0.10456,0.0737,0.0825,15.7,9.3,17.4,0.069,16.667,0.117,0.05,0.12,0.6091,0.041,-1.386,0.0,1.0,0.0,2.2409,2.1397,2.1115,2.185,2.1454,,True
11,153.97866061,36.43132706,163509951,155.32281354,10.05487,84.30608163966005,153.96255,36.42219,0.4359,0.7,1203510.0,,,,,,,,,,,not in,754071466903024896,187.24286555,55.91499006,-1.0,0.7,-1.0,0.9,-0.8,1.0,-0.3,20.4448,20.3785,19.6812,0.7636,1.4824,151711539786608247,153.97865,36.431316,21.08,0.096,20.97,0.036000000000000004,20.702,0.027000000000000003,20.51,0.052000000000000005,20.114,0.192,b'1548p363_b0-016896',153.9787301,36.4313719,-0.04221,0.051529999999999986,0.0482,0.0559,21.5,16.4,16.995,0.05,16.009,0.066,5.34,2.27,0.2855,0.052000000000000005,-1.286,0.001,0.999,0.0,0.4046,2.0515,1.8977,1.9583,1.9692,,True
12,159.96755349999995,33.3852081,181074144,1017.81306603,10.10907,84.70609715775329,,,,,,,,,,,,,,,,not in,749926716088143232,192.37814766,61.03509658,-0.6,0.6,-0.6,0.7,-0.0,0.6,-0.4,20.1643,20.1546,19.5994,0.5649,1.4207,148061599675642840,159.96756000000005,33.38521,20.353,0.029,20.411,0.029,20.286,0.017,20.007,0.03,20.116,0.086,b'1601p333_b0-022936',159.96751709999995,33.385251600000004,-0.01281,0.02705,0.0525,0.0594,17.3,18.2,17.317999999999998,0.063,15.968,0.06,0.04,0.18,0.2375,0.261,-0.583,0.0,1.0,0.0,1.9916,2.0134,1.9891,1.9703,1.9909,,True
13,159.97071588,33.38616352,181074144,1017.81306603,10.10907,84.70609715775329,,,,,,,,,,,,,,,,not in,749926716088143488,192.37583519,61.03767171,0.2,0.4,-0.0,0.4,-0.3,0.4,-0.3,19.832,19.7192,19.3086,0.5234,1.268,148061599706803988,159.97072,33.38616,19.989,0.016,19.834,0.029,19.74,0.016,19.512,0.024,19.402,0.037000000000000005,b'1601p333_b0-007782',159.9707302,33.3861435,-0.033530000000000004,-0.031580000000000004,0.023,0.0263,33.3,38.9,16.430999999999994,0.033,15.012,0.028,3.75,0.07,0.0874,0.603,-0.22,0.0,1.0,0.0,1.9869,1.9985,1.988,1.958,1.9815,,True
14,158.60320075,33.10671947,182712420,247.1931374,11.71878,98.02132683567116,,,,,,,,,,,,,,,,not in,748605034391982976,193.06108741,59.90981433,-1.3,1.0,2.0,1.2,0.1,1.0,-0.6,20.666,20.4166,19.8452,0.8208,1.2889,147721586032368680,158.6032,33.106724,20.766,0.058,20.849,0.034,20.668000000000006,0.033,20.439,0.03,20.064,0.154,b'1583p333_b0-018524',158.603272,33.10674760000001,0.01927,-0.060479999999999985,0.0489,0.0546,21.8,12.5,16.975,0.05,16.271,0.087,0.95,0.2,0.0876,0.017,-1.761,0.0,1.0,0.0,2.016,2.0389,2.1993,2.0756,2.1046,,True
15,158.60452531,33.10977977,182712420,247.1931374,11.71878,98.02132683567116,,,,,,,,,,,,,,,,not in,748605034391983872,193.05490052,59.91080177,0.6,0.4,0.4,0.5,-0.4,0.4,-0.3,20.1389,19.9478,19.5625,0.5764,1.2084,147731586045572331,158.60452,33.10978,20.002,0.025,20.016,0.019,20.021,0.012,19.724,0.032,19.74,0.087,b'1583p333_b0-012057',158.6045011,33.109733,0.06521,-0.0423,0.039,0.0466,25.5,25.1,16.8,0.043,15.555,0.043,0.88,0.57,0.0245,0.443,-0.353,0.0,1.0,0.0,2.0311,2.0169,2.0274,1.9973,2.0139,,True
16,251.14209618,19.5519956,18327,391.73909182,11.09854,88.40622399202879,,,,,,,,,,,,,,,,in,4563051629834062720,38.06049637,36.40678295,-0.1,0.1,0.0,0.1,0.2,0.1,0.3,18.1831,18.0741,17.81,0.3731,1.1927,131462511421042920,251.14209,19.551996,18.232,0.006999999999999999,18.159,0.025,18.284,0.01,18.278,0.031,18.14,0.024,b'2512p196_b0-001931',251.1421314,19.5519999,-0.00513,0.004379999999999999,0.0058,0.0061,77.7,106.9,14.029000000000002,0.014,12.806,0.01,40.96,6.96,0.0213,1.859,0.269,0.0,1.0,0.0,0.1147,0.9504,0.9074,0.972,0.9433,,True
17,251.14520064,19.55296834,18327,391.73909182,11.09854,88.40622399202879,,,,,,,,,,,,,,,,in,4563051732913278208,38.0628667,36.40436116,0.4,0.6,-0.1,0.7,0.3,0.8,0.5,20.409,20.3641,19.6776,0.7314,1.4879,131462511452454060,251.1452,19.55297,20.601,0.013,20.298,0.005,20.357,0.017,20.27,0.027000000000000003,19.819000000000006,0.093,b'2512p196_b0-008870',251.1452074,19.5530518,-0.01412,0.00586,0.0186,0.0211,35.8,34.4,15.803,0.03,15.085,0.032,2.12,0.01,0.2935,0.284,-0.546,0.0,1.0,0.0,0.1163,0.992,0.9568,0.985,0.9779,,True
18,202.81857573,32.238038800000005,187861021,444.84260942,10.31548,72.2545051990531,,,,,,,,,,,,,,,,in,1468662245801159552,65.89842808,79.95874811,-0.2,0.4,0.4,0.3,-0.2,0.3,-0.0,19.7964,19.836,19.2617,0.5347,1.4665,146682028185966231,202.81857,32.238037,20.14,0.018000000000000002,19.76,0.008,19.564,0.011,19.661,0.033,19.368,0.071,b'2029p318_b0-002077',202.8185468,32.2380381,-0.00707,-0.00316,0.0112,0.0127,61.2,60.4,15.134,0.018000000000000002,14.456,0.018000000000000002,6.47,1.63,0.2852,0.508,-0.294,0.001,0.999,0.0,0.6051,0.7278,0.5972,0.6751,0.6667,,True
19,202.82028474,32.24051287,187861021,444.84260942,10.31548,72.2545051990531,,,,,,,,,,,,,,,,in,1468662245801161472,65.90705763,79.95630965,-0.4,1.5,-1.0,1.1,0.4,1.0,-0.0,20.3704,20.7813,19.5377,0.8326,2.382,146682028201609162,202.82027,32.240517,20.687,0.069,20.322,0.043,19.965,0.038,19.83,0.019,19.647,0.077,b'2029p318_b0-003201',202.8202362,32.2404929,-0.00778,-0.02517,0.0153,0.0174,54.6,40.4,15.509,0.02,15.033,0.027000000000000003,3.71,6.88,1.1797,0.087,-1.061,0.038,0.962,0.0,2.7402,0.5037,0.5739,0.5738,0.5504,,True
20,249.0822858,31.77650761,190617744,70.5184195,10.73015,87.3085552326416,,,,,,,,,,,,,,,,in,1324636736643504896,52.64323561,41.35785296,0.2,1.7,0.6,1.2,2.1,1.7,0.4,20.6811,20.866,20.0527,0.6284,1.7502,146132490822912385,249.08228,31.7765,20.694000000000006,0.036000000000000004,20.723000000000006,0.034,20.719,0.03,20.343,0.068,20.112,0.151,b'2488p318_b0-046384',249.0825205,31.7766907,0.10544,-0.02377,0.0693,0.0772,15.6,10.6,17.688,0.07,16.836,0.102,0.98,0.04,0.563,0.038,-1.42,0.001,0.999,0.0,2.4002,2.3741,2.4631,2.3788,2.4054,,True
21,249.08381963,31.77918787,190617744,70.5184195,10.73015,87.3085552326416,,,,,,,,,,,,,,,,in,1324636736643506304,52.64704895,41.35702157,0.2,0.1,0.1,0.1,0.3,0.2,0.3,18.9656,18.7226,18.2618,0.7038,1.2233,146132490838485579,249.08382000000003,31.779188,19.139,0.012,18.913,0.01,18.859,0.011,18.712,0.016,18.429,0.022,b'2488p318_b0-005772',249.0838102,31.779186600000006,0.00147,0.02603,0.0127,0.0148,57.4,55.3,15.66,0.019,14.755999999999998,0.02,1.25,2.46,0.0309,0.955,-0.02,0.0,1.0,0.0,2.4386,2.4645,2.4628,2.4254,2.4509,2.4259,True
22,25.94985263,30.84164532,196233530,1288.22840659,11.21978,94.46303758926057,25.95967,30.81707,0.5223,0.69,1008149.0,,,,,,,,,,,not in,303575400947153664,136.00237605,-30.69767698,0.0,0.5,0.2,0.6,0.0,0.6,0.4,20.3803,20.1208,19.871,0.5093,1.1008,145010259498200568,25.949852,30.841646,20.269,0.033,20.185,0.022,20.091,0.024,19.946,0.047,19.755,0.08800000000000001,b'0260p302_b0-016467',25.9497062,30.8417967,-0.03865,0.05621,0.0352,0.0346,30.3,26.4,16.63,0.036000000000000004,15.505,0.041,1.14,0.18,-0.079,0.489,-0.311,0.0,1.0,0.0,2.5186,2.1689,2.4244,2.3592,2.3175,,True
23,25.95190771,30.83907631,196233530,1288.22840659,11.21978,94.46303758926057,25.95967,30.81707,0.5223,0.69,1008149.0,,,,,,,,,,,not in,303575400947153152,136.00507136,-30.69976072,-0.2,0.3,-0.2,0.3,0.0,0.3,0.4,19.5338,19.1977,18.821,0.7128,1.1276,145000259519087461,25.951908,30.839077000000003,19.762,0.033,19.52,0.028,19.17,0.011,19.128,0.024,19.104,0.052000000000000005,b'0260p302_b0-005581',25.9519112,30.8390945,-0.02041,0.00429,0.0153,0.0149,50.1,56.6,15.714,0.022,14.42,0.019,8.05,0.05,-0.0655,1.254,0.098,0.0,1.0,0.0,1.8848,1.8768,1.884,1.8828,1.8812,,True
24,238.48245358,29.4435632,204739787,669.50053172,10.066989999999999,84.56073375172573,,,,,,,,,,,,,,,,not in,1320823703333267456,47.32834934,50.01292116,0.0,0.3,0.1,0.2,-0.2,0.3,0.3,19.9531,19.6004,19.0776,0.8756,1.2054,143332384824742882,238.48244,29.443563,20.072,0.011,19.831,0.025,19.373,0.02,19.444000000000006,0.009000000000000001,19.307,0.066,b'2382p287_b0-004285',238.4824596,29.4436159,-0.0056700000000000006,0.03055,0.0107,0.0127,62.1,68.2,15.456,0.017,14.422,0.016,9.35,2.33,-0.0004,2.165,0.335,0.0,1.0,0.0,1.1517,1.3366,1.3582,1.3087,1.3345,,True
25,238.48512273,29.44200858,204739787,669.50053172,10.066989999999999,84.56073375172573,,,,,,,,,,,,,,,,not in,1320823703334034304,47.32646761,50.01039975,-1.0,0.9,-1.3,0.8,-1.1,1.1,0.2,20.7834,20.6813,20.0702,0.7132,1.3991,143332384851580978,238.48512,29.441988,21.94,0.01,20.777,0.08900000000000001,20.608,0.04,20.883000000000006,0.042,,,b'2382p287_b0-012320',238.4850902,29.4420127,0.0303,0.0486,0.0253,0.0284,28.5,29.6,16.485,0.038,15.485,0.037000000000000005,0.02,7.27,0.206,0.042,-1.3730000000000002,0.0,1.0,0.0,0.4705,1.0535,1.16,1.2665,1.16,,True
26,133.61901763,9.12883187,22758,232.06120013,11.254489999999999,95.32648710200138,,,,,,,,,,,,,,,,not in,597399031404408192,218.92373588,31.44977696,0.4,1.0,-2.0,1.2,2.6,1.0,-0.6,20.7139,20.5368,19.9973,0.7166,1.3078,118951336190605086,133.61902,9.128833,20.502,0.029,20.687,0.048,20.4,0.031,20.351,0.044,20.303,0.174,b'1332p090_b0-029852',133.6190019,9.1288153,0.013369999999999998,-0.18553,0.0742,0.0812,13.2,12.8,17.511,0.083,16.3,0.085,0.0,0.0,0.1145,0.005,-2.32,0.0,1.0,0.0,2.4049,1.784,1.8784,1.7722,1.8115,,True
27,133.61934793,9.12572268,22758,232.06120013,11.254489999999999,95.32648710200138,,,,,,,,,,,,,,,,not in,597399027109521920,218.92717252,31.44869165,-0.3,0.3,-0.5,0.3,0.4,0.2,-0.3,19.1814,18.9562,18.5542,0.6272,1.1989,118951336193741344,133.61935,9.125721,19.013,0.005,19.084,0.015,18.771,0.008,18.802,0.028,18.758,0.014,b'1332p090_b0-005094',133.6193926,9.1257071,0.00657,0.013330000000000002,0.0148,0.0161,49.5,58.8,15.544,0.022,14.362,0.018000000000000002,3.01,0.2,0.0118,0.244,-0.613,0.0,1.0,0.0,1.6631,1.6667,1.6575,1.6558,1.66,1.6799,True
28,126.16596738,23.95565619,239168732,563.3150255,14.95951,94.4912031079748,,,,,,,,,,,,,,,,in,678304769173344128,199.75532306,30.45983863,0.3,0.3,0.1,0.3,-0.4,0.2,-0.1,19.2768,19.3145,18.5929,0.6839,1.569,136741261659657365,126.16597,23.955656,19.03,0.02,19.203,0.008,18.965,0.025,19.29,0.04,18.679,0.034,b'1255p242_b0-001576',126.1659628,23.9556557,0.00604,-0.01709,0.0063,0.0066,70.0,101.7,13.94,0.016,12.824000000000002,0.011,14.35,12.38,0.378,0.433,-0.364,0.001,0.999,0.0,0.5441,0.514,0.5251,0.5627,0.5339,,True
29,126.16923,23.9527618,239168732,563.3150255,14.95951,94.4912031079748,,,,,,,,,,,,,,,,in,678304769173343744,199.75960558,30.46174673,-0.0,0.2,0.2,0.2,0.0,0.2,-0.2,18.723,18.6785,18.2673,0.4557,1.3109,136741261691813874,126.16923,23.952763,18.643,0.003,18.98,0.017,18.475,0.009000000000000001,18.822,0.009000000000000001,18.329,0.026,b'1255p242_b0-002832',126.1692289,23.952748,0.00356,-0.00599,0.0087,0.0097,63.1,75.2,14.66,0.017,13.791,0.014,4.84,12.52,0.1344,2.983,0.475,0.0,1.0,0.0,0.5345,0.4814,0.5168,0.5739,0.524,0.5258,True
30,169.92992582,1.04058203,26213,104.41185237,13.03895,91.98433404927131,,,,,,,,,,,,,,,,in,3810224264632652032,258.9565349,55.87453189,0.1,0.5,0.3,0.5,-0.1,0.3,0.0,19.7423,19.8268,18.9038,0.8385,1.7689,109241699299429172,169.92991999999995,1.040583,19.853,0.027000000000000003,19.445,0.019,19.121,0.029,19.16,0.03,18.531,0.042,b'1694p015_b0-001117',169.9299169,1.0405596,0.0053,-0.00596,0.0059,0.0067,76.2,108.2,14.113,0.014,12.924,0.01,5.19,4.22,0.5661,0.6629999999999999,-0.179,0.001,0.999,0.0,1.607,0.7572,0.5965,0.6808,0.6782,,True
31,169.93307838,1.03879793,26213,104.41185237,13.03895,91.98433404927131,,,,,,,,,,,,,,,,in,3810224058474221568,258.96291742,55.87507736,-1.2,1.3,-0.8,1.8,-1.8,1.2,0.1,20.3732,20.6405,18.8061,1.5672,3.2078,109241699330987012,169.93307,1.0387974,20.418,0.036000000000000004,19.684,0.038,19.341,0.046,19.107,0.024,18.71,0.044,b'1694p015_b0-001229',169.9330641,1.0388524,0.00305,-0.00228,0.0071,0.0081,67.6,89.1,14.196,0.016,13.313,0.012,25.19,2.46,1.9295,0.023,-1.644,0.042,0.958,0.0,,0.3941,0.4029,0.3959,0.3976,,True
32,220.83717633,20.14040277,264015493,622.52457755,11.758469999999999,93.83070285747304,,,,,,,,,,,,,,,,not in,1237845377554873600,23.69506056,63.49809395,-0.3,0.2,0.2,0.3,0.2,0.2,0.1,18.9917,18.7543,18.3252,0.6666,1.2078,132162208371889030,220.83717,20.140404,19.287,0.016,19.002,0.038,18.991,0.016,18.856,0.016,18.699,0.069,b'2208p196_b0-005627',220.8372107,20.140428600000003,0.00524,-0.00081,0.0149,0.0179,48.6,48.5,15.924,0.022,14.862,0.022,0.41,1.27,0.018000000000000002,1.287,0.109,0.0,1.0,0.0,2.6602,2.6794,2.5864,2.6241,2.63,2.6973,True
33,220.83764848,20.13716675,264015493,622.52457755,11.758469999999999,93.83070285747304,,,,,,,,,,,,,,,,not in,1237845377554870400,23.688626100000004,63.49653705,-0.3,0.5,0.8,0.6,-0.6,0.5,0.1,20.1964,19.988,19.6668,0.5296,1.1645,132162208375905112,220.83765,20.13717,20.242,0.011,20.063,0.03,20.426,0.04,19.94,0.054000000000000006,19.811,0.069,b'2208p196_b0-026221',220.83775130000004,20.1371613,0.07491,0.15811,0.055,0.0623,18.7,13.1,17.344,0.058,16.457,0.083,1.8,0.45,-0.0165,0.093,-1.033,0.0,1.0,0.0,2.662,2.6847,2.6367,2.6429,2.6548,,True
34,204.63138907,0.18229379999999998,26644,1478.46674814,11.60858,96.51347328843134,,,,,,,,,,,,,,,,in,3662805422073008512,327.63197598,60.77578317,-4.7,2.4,3.8,1.9,-4.4,1.5,-0.2,21.0224,20.9678,20.2908,0.7315,1.4749,108212046314499290,204.63138,0.1822988,20.572,0.013,20.596,0.023,20.638,0.021,20.379,0.039,20.1,0.092,b'2042p000_b0-024078',204.63143080000003,0.1824125,-0.032080000000000004,-0.048310000000000006,0.063,0.0669,16.3,14.6,17.386,0.067,16.188,0.07400000000000001,1.63,0.63,0.2804,0.0,-3.676,0.0,1.0,0.0,2.3399,2.3277,2.3695,2.3077,2.335,,True
35,204.63318561,0.18497159,26644,1478.46674814,11.60858,96.51347328843134,,,,,,,,,,,,,,,,in,3662805456432749056,327.63743182,60.77760066,-0.9,1.3,0.3,1.7,-0.4,1.1,-0.2,20.6189,20.7291,20.1322,0.4867,1.5321,108222046332242476,204.6332,0.1849714,21.056,0.036000000000000004,21.075,0.048,20.928,0.047,20.769,0.069,20.275,0.14300000000000002,b'2042p000_b0-038216',204.6333842,0.1850476,-0.03849,0.02053,0.0912,0.1081,10.8,9.8,17.9,0.101,16.662,0.111,0.8,0.01,0.3537,0.08199999999999999,-1.085,0.0,1.0,0.0,0.447,2.1976,2.0688,2.0765,2.1143,,True
36,133.06395837,17.19551563,283602768,501.64666238,12.87129,82.71928508507298,,,,,,,,,,,,,,,,not in,611761127165112704,209.88375052,34.23111664,-0.2,0.2,-0.2,0.2,0.1,0.1,-0.4,18.356,18.3075,17.9251,0.4309,1.2922,128631330639425136,133.06395,17.195515,18.349,0.014,18.384,0.013,18.294,0.008,18.521,0.018000000000000002,18.315,0.043,b'1336p166_b0-001429',133.0639436,17.1954802,0.0094,-0.00478,0.0061,0.0065,76.5,99.8,13.863,0.014,12.847,0.011,6.02,2.64,0.1173,3.928,0.594,0.0,1.0,0.0,0.5599,0.5508,0.5416,0.5655,0.5526,0.6002,True
37,133.06598203,17.192508,283602768,501.64666238,12.87129,82.71928508507298,,,,,,,,,,,,,,,,not in,611761122869419904,209.88799242,34.23181199,1.0,0.7,0.5,0.7,0.9,0.6,-0.4,20.3463,20.2287,18.8946,1.4518,2.0891,128631330659531523,133.06598,17.192507,20.116,0.027000000000000003,19.713,0.021,19.167,0.02,19.046,0.018000000000000002,18.808,0.036000000000000004,b'1336p166_b0-003211',133.0659809,17.1925065,0.015369999999999997,-0.00228,0.0116,0.0126,65.1,53.3,14.925999999999998,0.017,14.318,0.02,3.11,0.64,0.8247,0.038,-1.4240000000000002,0.093,0.907,0.0,0.5867,0.5358,0.5001,0.5774,0.5378,,True
38,215.45329622,16.50488242,288263323,80.75627934,10.02466,81.35632519311383,215.43385,16.52622,0.5278,0.49,729969.0,,,,,,,,,,,not in,1232364449529937280,10.66911933,66.54452027,-1.1,0.5,-0.9,0.5,-0.1,0.5,-0.3,20.3801,20.1571,19.8624,0.5177,1.1427,127802154532176375,215.4533,16.504879000000006,20.254,0.014,20.146,0.02,20.266,0.021,20.115,0.025,19.905,0.047,b'2153p166_b0-021880',215.4532694,16.5049323,-0.05492,-0.02646,0.0516,0.0557,18.8,16.5,17.258,0.058,16.111,0.066,0.01,0.01,-0.0376,0.127,-0.895,0.0,1.0,0.0,2.4775,2.5038,2.477,2.459,2.48,,True
39,215.45419116,16.50753155,288263323,80.75627934,10.02466,81.35632519311383,215.43385,16.52622,0.5278,0.49,729969.0,,,,,,,,,,,not in,1232364449529938432,10.67594038,66.54513913,1.9,0.7,1.7,0.7,-0.3,0.6,-0.3,20.5258,20.3582,19.9298,0.596,1.246,127802154541429511,215.4542,16.507534,20.575,0.044,20.414,0.02,20.364,0.034,20.253,0.022,20.007,0.104,b'2153p166_b0-029967',215.4541119,16.507449599999998,-0.02597,0.00624,0.056,0.0634,16.3,15.6,17.372,0.067,16.14,0.069,0.01,0.06,0.0609,0.015,-1.82,0.0,1.0,0.0,2.4705,2.4441,2.4403,2.4259,2.4368,,True
40,166.92382503,5.43781563,364477274,801.05591487,10.21663,85.76944797609546,,,,,,,,,,,,,,,,in,3815632178214904064,249.57622963,57.13623639,0.2,0.3,0.3,0.4,0.6,0.3,0.1,19.5111,19.4082,18.9238,0.5873,1.3174,114521669238885867,166.92383,5.437818,19.033,0.014,18.996,0.049,18.914,0.034,18.572,0.11,18.523,0.073,b'1670p060_b0-001061',166.9238504,5.4378232,-0.008759999999999999,0.013580000000000002,0.0067,0.0076,69.7,98.0,14.27,0.016,12.957,0.011,0.73,19.01,0.1328,0.135,-0.87,0.0,1.0,0.0,0.6208,0.7355,0.5976,0.7071,0.68,,True
41,166.92635478,5.439124,364477274,801.05591487,10.21663,85.76944797609546,,,,,,,,,,,,,,,,in,3815632178214904576,249.57773376,57.13895444,-0.3,0.6,1.0,0.9,-0.1,0.6,0.2,20.3766,20.1963,19.5255,0.8511,1.395,114521669263577399,166.92635,5.4391235999999985,20.401,0.029,20.099,0.021,19.829,0.014,19.863,0.025,19.591,0.054000000000000006,b'1670p060_b0-003811',166.9263924,5.4391442,0.03744,0.03466,0.0181,0.0197,45.7,44.6,15.723,0.024,14.597,0.024,3.66,1.36,0.1912,0.154,-0.812,0.0,1.0,0.0,4.6286,1.3411,1.318,1.3206,1.3266,,True
42,238.07474174,4.94631288,367957158,75.48224025,11.68527,98.99028455262206,,,,,,,,,,,,,,,,in,4426153571663248000,13.94617207,41.60021098,0.0,0.2,0.2,0.2,-0.1,0.2,-0.1,18.9294,18.7198,18.2813,0.6481,1.2283,113932380748346011,238.07474,4.9463105,18.982,0.018000000000000002,18.901,0.013,18.674,0.01,18.724,0.004,18.762,0.025,b'2384p045_b0-004799',238.0747336,4.9464098,0.01635,-0.00861,0.0122,0.014,52.1,65.0,15.403,0.021,14.128,0.017,8.42,0.21,0.0398,2.609,0.417,0.0,1.0,0.0,1.5742,1.5718,1.5717,1.5651,1.5695,1.5664,True
43,238.07535025,4.94312409,367957158,75.48224025,11.68527,98.99028455262206,,,,,,,,,,,,,,,,in,4426153571663247616,13.94300399,41.59799215,0.4,0.3,0.2,0.3,-0.2,0.2,-0.1,19.2802,18.9513,18.4351,0.8451,1.2128,113932380753462238,238.07535,4.943121,19.129,0.011,18.85,0.014,18.738,0.006,18.551,0.009000000000000001,18.636,0.039,b'2384p045_b0-005325',238.0753529,4.9431406,0.01083,0.059870000000000013,0.0132,0.015,52.1,62.3,15.528,0.021,14.297,0.017,4.18,0.03,0.0095,1.231,0.09,0.0,1.0,0.0,1.5574,1.557,1.5558,1.5267,1.5465,1.5105,True
44,204.4232976,3.00725213,381520047,136.9876792,10.36851,87.7905343836149,,,,,,,,,,,,,,,,in,3712001901626538112,329.55112693,63.46279066,0.8,0.5,0.1,0.5,-0.5,0.4,-0.3,19.9733,19.7485,19.3054,0.6678,1.2227,111602044233499181,204.4233,3.0072520000000003,19.993,0.023,19.591,0.02,19.508,0.022,19.528,0.025,19.443,0.07400000000000001,b'2042p030_b0-009241',204.4232541,3.0072004,0.00067,-0.01899,0.0267,0.0308,31.0,33.1,16.499000000000002,0.035,15.134,0.033,4.82,0.73,0.0328,0.314,-0.503,0.0,1.0,0.0,1.55,1.4912,1.5542,1.5337,1.5264,,True
45,204.42527245,3.00935116,381520047,136.9876792,10.36851,87.7905343836149,,,,,,,,,,,,,,,,in,3712001901626538240,329.55705012,63.46392746,0.7,0.6,0.2,0.6,-0.2,0.4,-0.3,20.1593,19.9387,19.6172,0.5421,1.1579,111612044253251698,204.42526,3.0093539,20.249,0.044,20.104,0.037000000000000005,19.872,0.02,19.885,0.032,19.823,0.068,b'2042p030_b0-006642',204.4252873,3.0093525000000003,0.02539,-0.06819,0.0221,0.025,35.3,38.0,16.229,0.031,14.901,0.029,0.1,1.17,-0.0239,0.5670000000000001,-0.246,0.0,1.0,0.0,3.0380000000000003,1.3887,1.5185,1.4787,1.462,,True
46,348.92137063,0.49117101,399195151,284.27806947,11.62385,96.99785881601666,,,,,,,,,,,,,,,,not in,2657176969024360320,79.21836597,-54.0467512,-0.2,1.5,0.6,1.3,-0.1,1.4,0.6,20.8947,20.6325,20.0207,0.8739,1.3091,108583489213469833,348.92136,0.4911664000000001,20.81,0.018000000000000002,20.547,0.022,20.487,0.019,20.315,0.036000000000000004,,,b'3494p000_b0-015897',348.9213312,0.4911375,-0.01378,0.07935,0.0549,0.054000000000000006,20.7,17.2,16.921,0.053,15.918,0.063,0.04,0.59,0.1034,0.08800000000000001,-1.056,0.0,1.0,0.0,2.4928,1.9052,1.9512,2.3080000000000003,2.0548,,True
47,348.92359997,0.49350679,399195151,284.27806947,11.62385,96.99785881601666,,,,,,,,,,,,,,,,not in,2657176969024360704,79.2238066,-54.04628045,-2.1,0.8,-0.4,0.8,-0.7,0.8,0.4,20.4668,20.2404,19.8236,0.6432,1.2067,108593489235952632,348.92358,0.4935034,20.987,0.099,20.755,0.045,20.16,0.027000000000000003,20.769,0.108,20.239,0.225,b'3494p000_b0-007908',348.923541,0.4935265,-0.01365,-0.02078,0.031,0.0304,34.2,25.0,16.230999999999998,0.032,15.365,0.043,0.64,1.38,0.0185,0.192,-0.7170000000000001,0.0,1.0,0.0,0.2157,1.0001,1.0103,0.8871,0.9658,,True
48,126.05083202,-0.0359662,402910417,727.51158917,10.228019999999999,86.35683512608337,,,,,,,,,,,,,,,,in,3077279814873923968,224.01917564,20.49917116,0.0,0.2,-0.1,0.2,-0.0,0.1,-0.3,18.5506,18.2399,17.7898,0.7608,1.182,107951260508337269,126.050835,-0.035967400000000004,18.601,0.018000000000000002,18.207,0.005,18.126,0.005,18.112,0.015,18.149,0.023,b'1255p000_b0-003173',126.0508177,-0.035954900000000005,-0.00118,-0.0031,0.0064,0.0069,77.8,107.7,14.29,0.014,12.778,0.01,5.98,6.91,-0.0147,4.7010000000000005,0.672,0.0,1.0,0.0,,1.3957,1.4567,1.4311,1.4278,,True
49,126.05275035,-0.0380619,402910417,727.51158917,10.228019999999999,86.35683512608337,,,,,,,,,,,,,,,,in,3077279819169630336,224.0221272,20.49982585,0.3,1.5,0.5,1.2,-1.0,0.9,-0.2,21.3203,20.5044,19.9159,1.4044,1.0659,107951260527504783,126.05275,-0.0380619,20.87,0.03,20.528,0.026,20.424,0.024,20.418,0.059,19.726,0.13699999999999998,b'1255p000_b0-023040',126.0527642,-0.0382491,-0.045,-0.03756,0.0326,0.038,29.8,30.1,16.53,0.036000000000000004,15.308,0.036000000000000004,0.88,0.01,-0.1931,0.08,-1.097,0.0,1.0,0.0,,1.3529,1.3725,1.3842,1.3698,,True
50,176.82658579,55.17879892,4514,460.2116759,15.437320000000001,73.81877655348428,,,,,,,,,,,,,,,,in,841695877848861696,141.10700369,59.62856023,-0.8,1.0,1.1,1.0,0.7,1.2,0.4,20.4633,20.6796,18.6906,1.7727,3.5142,174211768265205273,176.82658,55.1788,20.743,0.031,19.668,0.018000000000000002,19.321,0.018000000000000002,18.945,0.017,18.801,0.077,b'1761p545_b0-001201',176.8266061,55.17880970000001,-0.02264,0.00212,0.0061,0.0069,81.0,103.5,14.389,0.013,13.371,0.01,4.78,7.88,2.2099,0.079,-1.102,0.039,0.961,0.0,,0.3133,0.3682,0.3177,0.3331,,True
51,176.83037691,55.17509738,4514,460.2116759,15.437320000000001,73.81877655348428,,,,,,,,,,,,,,,,in,841695877848459520,141.1068209,59.63284737,-0.4,0.6,-0.5,0.6,-0.4,0.6,0.5,20.151,20.2585,18.7447,1.4063,2.4979,174211768303750839,176.83037,55.1751,20.265,0.009000000000000001,19.436,0.006,19.244,0.006999999999999999,18.906,0.01,18.921,0.024,b'1761p545_b0-002989',176.8303467,55.1750956,-0.01115,-0.0029,0.0131,0.0142,61.7,51.1,15.454,0.018000000000000002,14.815,0.021,0.33,11.57,1.2387,0.306,-0.515,0.141,0.8590000000000001,0.0,0.3458,0.2854,0.2498,0.3015,0.2789,,True
52,57.18088418,-13.14543138,494228565,15.44404156,14.133,73.27911817134492,57.20804,-13.1618,0.3109,0.71,280366.0,,,,,,,,,,,in,5114038488725626624,203.31588001,-46.36433046,-0.0,0.3,0.4,0.3,-0.0,0.3,0.1,19.3012,19.2688,18.1751,1.1261,1.8565,92220571808625851,57.180885,-13.14543,19.777,0.015,18.959,0.014,18.826,0.016,18.537,0.042,18.507,0.049,b'0574m137_b0-001156',57.1808845,-13.1454157,-0.01438,-0.0008900000000000002,0.0063,0.006,80.3,101.4,13.892,0.014,13.054,0.011,15.96,2.58,0.6275,0.63,-0.2,0.009000000000000001,0.991,0.0,0.3636,0.419,0.3585,0.3554,0.3776,,True
53,57.1842644,-13.14757085,494228565,15.44404156,14.133,73.27911817134492,57.20804,-13.1618,0.3109,0.71,280366.0,,,,,,,,,,,in,5114038488725626368,203.32074195,-46.36229202,-0.0,0.1,0.1,0.1,0.1,0.1,0.0,17.5977,17.5774,17.0118,0.5859,1.4204,92220571842403272,57.184265,-13.147572,17.527,0.02,17.483,0.009000000000000001,17.646,0.009000000000000001,16.968,0.018000000000000002,17.430999999999994,0.019,b'0574m137_b0-000547',57.1842588,-13.1475771,-0.00486,-0.00358,0.0049,0.0046,84.8,115.5,12.938,0.013,11.868,0.009000000000000001,4.09,4.13,0.236,9.643,0.984,0.0,1.0,0.0,0.3592,0.3338,0.3533,0.3377,0.3416,0.3287,True
54,191.76053417,40.40283119,9333,78.75463182,13.167760000000001,95.01096792172468,,,,,,,,,,,,,,,,not in,1521882358092708224,126.57033444,76.69434892,0.9,0.7,0.3,0.5,0.3,0.5,0.1,20.3383,20.408,19.6991,0.6392,1.582,156481917605034022,191.76053,40.40283,20.098,0.022,20.036,0.02,19.862,0.02,19.763,0.033,19.76,0.068,b'1918p408_b0-001947',191.7605417,40.4028219,0.0033,0.01436,0.0101,0.0113,65.4,73.0,15.128,0.017,14.261,0.015,13.07,25.32,0.394,0.44,-0.35700000000000004,0.0,1.0,0.0,0.3465,0.5828,0.7845,0.4719,0.6131,,True
55,191.76499778,40.40418227,9333,78.75463182,13.167760000000001,95.01096792172468,,,,,,,,,,,,,,,,not in,1521882353797040256,126.55517203,76.69325312,-0.2,0.2,0.1,0.2,-0.0,0.2,0.1,19.1486,19.0909,18.74,0.4085,1.2692,156481917649695633,191.765,40.404182,19.166,0.011,19.223,0.018000000000000002,19.206,0.018000000000000002,19.055,0.011,19.135,0.032,b'1918p408_b0-001268',191.7650148,40.4042088,0.00916,0.02942,0.0076,0.0087,71.5,88.7,14.597,0.015,13.705,0.012,2.84,38.0,0.0957,4.702,0.672,0.0,0.999,0.0,0.7212,0.7247,0.6965,0.7308,0.7174,,True
56,181.3734688,39.71482541,9624,580.77038408,11.760060000000001,98.7697095082767,,,,,,,,,,,,,,,,not in,4034071912786251904,157.18557901,74.20829788,-0.1,0.3,-0.0,0.3,-0.1,0.3,-0.0,20.1935,19.6983,19.1733,1.0201,1.1423,155651813734408426,181.37346,39.71483,20.143,0.022,19.712,0.019,19.43,0.017,19.404,0.022,19.232,0.041,b'1819p393_b0-001653',181.3734961,39.71480379999999,0.02288,-0.01591,0.0098,0.0107,56.8,70.4,15.185,0.019,13.832,0.015,0.8,0.09,-0.0765,1.705,0.232,0.0,1.0,0.0,4.317,1.335,1.3474,1.3157,1.3327,,True
57,181.37738441,39.71356098,9624,580.77038408,11.760060000000001,98.7697095082767,,,,,,,,,,,,,,,,not in,4034071917081162624,157.18020407,74.21121883,-0.9,0.6,0.1,0.5,1.1,0.6,-0.1,20.4248,20.1947,20.0902,0.3347,1.0502,155651813774236782,181.37738,39.713562,20.25,0.018000000000000002,19.975,0.01,19.931,0.016,20.033,0.033,19.82,0.084,b'1819p393_b0-004207',181.3773386,39.713575,0.00883,-0.00288,0.017,0.0176,47.6,49.2,15.758,0.023,14.722,0.022,1.17,6.19,-0.1191,0.075,-1.123,0.0,1.0,0.0,1.3271,1.2843,1.3178,1.2677,1.2899,,True
